Description;Prix unitaire;Rabais quantité;A partir de;Numéro de pièce
Lame de tondeuse en acier;15,99;0,05;10,00;TP001
Filtre à air universel;5,49;0,03;20,00;TP002
Bougie d'allumage NGK;3,99;0,02;30,00;TP003
Câble de traction;7,89;0,04;15,00;TP004
Roue de tondeuse arrière;12,50;0,06;12,00;TP005
Filtre à huile premium;8,75;0,05;10,00;TP006
Couteau de rechange pour déchiqueteuse;18,50;0,07;8,00;TP007
Courroie de transmission;6,99;0,04;15,00;TP008
Roue avant pour tondeuse autotractée;9,25;0,03;20,00;TP009
Câble d'embrayage universel;5,99;0,02;25,00;TP010
Kit de lames mulching;24,95;0,08;7,00;TP011
Bobine d'allumage Briggs & Stratton;14,75;0,06;12,00;TP012
Bouchon de réservoir de carburant;3,25;0,01;30,00;TP013
Poignée de tondeuse repliable;11,50;0,04;15,00;TP014
Roulement à billes pour roue;4,49;0,02;25,00;TP015